CODIGO,DISTRITO,DEPARTAMENTO,MUNICIPIO,ESTABLECIMIENTO,DIRECCION,TELEFONO,SUPERVISOR,DIRECTOR,NIVEL,SECTOR,AREA,STATUS,MODALIDAD,JORNADA,PLAN,DEPARTAMENTAL
20-01-0024-46,20-001,CHIQUIMULA,CHIQUIMULA,ESCUELA DE CIENCIAS COMERCIALES NOCTURNA,10A. AVENIDA 3-71 ZONA 1,79422150,CESAR ADALBERTO NOGUERA JACOME,H�CTOR ALIDIO CERON BRENES,DIVERSIFICADO,OFICIAL,URBANA,ABIERTA,MONOLINGUE,NOCTURNA,DIARIO(REGULAR),CHIQUIMULA
20-01-0029-46,20-001,CHIQUIMULA,CHIQUIMULA,INSTITUTO DIVERSIFICADO ADS. AL INEB 'DR. DAVID GUERRA GUZMAN',2A CALLE ENTRE 11 Y 12 AVENIDAS ZONA 1,79420395,CESAR ADALBERTO NOGUERA JACOME,ROMEO RIVERA CHAC�N,DIVERSIFICADO,OFICIAL,URBANA,ABIERTA,MONOLINGUE,VESPERTINA,DIARIO(REGULAR),CHIQUIMULA
20-01-0030-46,20-001,CHIQUIMULA,CHIQUIMULA,ESCUELA NACIONAL DE MAESTROS DE EDUCACION MUSICAL PEM OSCAR AUGUSTO MATEO MORALES,2A CALLE Y 12 AVENIDA ZONA 1,41942927,CESAR ADALBERTO NOGUERA JACOME,JOS� VICENTE REYES SOL�S,DIVERSIFICADO,OFICIAL,URBANA,ABIERTA,MONOLINGUE,NOCTURNA,DIARIO(REGULAR),CHIQUIMULA
20-01-0031-46,20-024,CHIQUIMULA,CHIQUIMULA,ESCUELA SECUNDARIA PRIVADA MIXTA DE ORIENTE -ESDEO-,2A CALLE 4-40 ZONA 1,79420290,SILVIA MARILENA BUEZO MARTINEZ,ERWIN LEONEL COLINDRES MONROY,DIVERSIFICADO,PRIVADO,URBANA,ABIERTA,MONOLINGUE,VESPERTINA,DIARIO(REGULAR),CHIQUIMULA
20-01-0032-46,20-024,CHIQUIMULA,CHIQUIMULA,"COLEGIO EVANG�LICO MIXTO ""AMIGOS""",10MA AVENIDA 5-38 ZONA 1,79420116,SILVIA MARILENA BUEZO MARTINEZ,ROXANA LISBETH URRUTIA PINTO,DIVERSIFICADO,PRIVADO,URBANA,ABIERTA,MONOLINGUE,VESPERTINA,DIARIO(REGULAR),CHIQUIMULA
20-01-0033-46,20-027,CHIQUIMULA,CHIQUIMULA,INSTITUTO TECNOLOGICO PRIVADO DE ORIENTE,4TA. AVENIDA 4-20 ZONA 1,79425959,SILVIA MARILENA BUEZO MARTINEZ,SALOMON ELIASIB ALVAREZ CORD�N,DIVERSIFICADO,PRIVADO,URBANA,ABIERTA,MONOLINGUE,DOBLE,DIARIO(REGULAR),CHIQUIMULA
20-01-0034-46,20-001,CHIQUIMULA,CHIQUIMULA,INSTITUTO NORMAL PARA SE�ORITAS DE ORIENTE,4A. CALLE 6-00 ZONA 1,59799216,CESAR ADALBERTO NOGUERA JACOME,MIRNA ELIZABETH QUIROA L�PEZ,DIVERSIFICADO,OFICIAL,URBANA,ABIERTA,MONOLINGUE,MATUTINA,DIARIO(REGULAR),CHIQUIMULA
20-01-0036-46,20-001,CHIQUIMULA,CHIQUIMULA,INSTITUTO NORMAL PARA VARONES DE ORIENTE,6A AVE. 4-10 ZONA 1,79420425,CESAR ADALBERTO NOGUERA JACOME,BALVINO CHAC�N P�REZ,DIVERSIFICADO,OFICIAL,URBANA,ABIERTA,MONOLINGUE,MATUTINA,DIARIO(REGULAR),CHIQUIMULA
20-01-0038-46,20-027,CHIQUIMULA,CHIQUIMULA,"""LICEO LA SALLE""",6A CALLE 3-61 ZONA 1,79420328,SILVIA MARILENA BUEZO MARTINEZ,JUAN MODESTO SICAY T�C,DIVERSIFICADO,PRIVADO,URBANA,ABIERTA,MONOLINGUE,MATUTINA,DIARIO(REGULAR),CHIQUIMULA
20-01-0040-46,20-024,CHIQUIMULA,CHIQUIMULA,COLEGIO PRIVADO MIXTO 'SAGRADA FAMILIA',6A AVE. 5-68 ZONA 1,79420232,SILVIA MARILENA BUEZO MARTINEZ,D�MARYS JUDITH D�AZ TEJADA,DIVERSIFICADO,PRIVADO,URBANA,ABIERTA,MONOLINGUE,MATUTINA,DIARIO(REGULAR),CHIQUIMULA
20-01-0041-46,99-001,CHIQUIMULA,CHIQUIMULA,INSTITUTO MODERNO CHIQUIMULTECO,CALLE HUGO LEONEL BACARO 9-30 ZONA 1,,SILVIA EUGENIA VALDEZ MONTERROSO DE CARBALLO,,DIVERSIFICADO,PRIVADO,URBANA,ABIERTA,MONOLINGUE,VESPERTINA,DIARIO(REGULAR),CHIQUIMULA
20-01-0164-46,20-027,CHIQUIMULA,CHIQUIMULA,INSTITUTO TECNOLOGICO PRIVADO DE ORIENTE,4TA. AVENIDA 4-20 ZONA 1,79422349,SILVIA MARILENA BUEZO MARTINEZ,SALOMON ELIASIB ALVAREZ CORD�N,DIVERSIFICADO,PRIVADO,URBANA,ABIERTA,MONOLINGUE,DOBLE,FIN DE SEMANA,CHIQUIMULA
20-01-0176-46,20-024,CHIQUIMULA,CHIQUIMULA,COLEGIO PRIVADO MIXTO BENDICION,4A. CALLE A 13-25 ZONA 1,41007884,SILVIA MARILENA BUEZO MARTINEZ,AXEL YOVANY VILLELA MONROY,DIVERSIFICADO,PRIVADO,URBANA,ABIERTA,MONOLINGUE,DOBLE,FIN DE SEMANA,CHIQUIMULA
20-01-0179-46,20-024,CHIQUIMULA,CHIQUIMULA,COLEGIO EVANGELICO MIXTO ADONAI,8A. AVENIDA 4-40 ZONA 1,79424111,SILVIA MARILENA BUEZO MARTINEZ,MERARI JASM�N DE LE�N CARRILLO,DIVERSIFICADO,PRIVADO,URBANA,ABIERTA,MONOLINGUE,DOBLE,FIN DE SEMANA,CHIQUIMULA
20-01-0181-46,20-024,CHIQUIMULA,CHIQUIMULA,LICEO SAN PABLO,2A. CALLE 4-40 ZONA 1,79421747,SILVIA MARILENA BUEZO MARTINEZ,EDGAR RENE ANDRADE SAENZ,DIVERSIFICADO,PRIVADO,URBANA,ABIERTA,MONOLINGUE,MATUTINA,DIARIO(REGULAR),CHIQUIMULA
20-01-0184-46,20-027,CHIQUIMULA,CHIQUIMULA,COLEGIO PRIVADO MIXTO SABIDURIA,2DA. CALLE 4-40 ZONA 1,,SILVIA MARILENA BUEZO MARTINEZ,JOSE LUIS LOPEZ PERALTA,DIVERSIFICADO,PRIVADO,URBANA,ABIERTA,MONOLINGUE,DOBLE,FIN DE SEMANA,CHIQUIMULA
20-01-0197-46,20-027,CHIQUIMULA,CHIQUIMULA,COLEGIO SUPERIOR DE INFORMATICA HIGA,1RA. CALLE 5-61 ZONA 2,44043628,SILVIA MARILENA BUEZO MARTINEZ,KOKMAN ANGEL CHANG BARELA,DIVERSIFICADO,PRIVADO,URBANA,ABIERTA,MONOLINGUE,DOBLE,FIN DE SEMANA,CHIQUIMULA
20-01-0198-46,20-027,CHIQUIMULA,CHIQUIMULA,COLEGIO MIXTO EN TECNOLOGIA LATINOAMERICANO,3RA. AVENIDA 4-49 ZONA 1,41795225,SILVIA MARILENA BUEZO MARTINEZ,JAQUELINE EDITH SANTIAGO RAMOS,DIVERSIFICADO,PRIVADO,URBANA,ABIERTA,MONOLINGUE,MATUTINA,DIARIO(REGULAR),CHIQUIMULA
20-01-0204-46,20-027,CHIQUIMULA,CHIQUIMULA,INSTITUTO TECNOLOGICO PRIVADO DE ORIENTE,4A. AVENIDA 4-20 ZONA 1,79425959,SILVIA MARILENA BUEZO MARTINEZ,SALOMON ELIASIB ALVAREZ CORD�N,DIVERSIFICADO,PRIVADO,URBANA,ABIERTA,MONOLINGUE,MATUTINA,DIARIO(REGULAR),CHIQUIMULA
20-01-0205-46,20-027,CHIQUIMULA,CHIQUIMULA,CENTRO EDUCATIVO INTEGRAL CASA DEL ALFARERO,14 AVENIDA 5-23 ZONA 7 COLONIA SHOROPIN,37590030,SILVIA MARILENA BUEZO MARTINEZ,KATHERINE JAZMIN GREGORIO,DIVERSIFICADO,PRIVADO,URBANA,ABIERTA,MONOLINGUE,MATUTINA,DIARIO(REGULAR),CHIQUIMULA
20-01-0207-46,20-027,CHIQUIMULA,CHIQUIMULA,COLEGIO SUPERIOR DE INFORM�TICA HIGA,1A. CALLE 5-61 ZONA 2,44043628,SILVIA MARILENA BUEZO MARTINEZ,MARLENI ELIZABETH SALVADOR L�PEZ,DIVERSIFICADO,PRIVADO,URBANA,ABIERTA,MONOLINGUE,DOBLE,DIARIO(REGULAR),CHIQUIMULA
20-01-0213-46,20-024,CHIQUIMULA,CHIQUIMULA,LICEO ISRAEL�,5A. CALLE 4-11 ZONA 1,79422500,SILVIA MARILENA BUEZO MARTINEZ,GLADYS EUGENIA RODR�GUEZ RAM�REZ,DIVERSIFICADO,PRIVADO,URBANA,ABIERTA,MONOLINGUE,MATUTINA,DIARIO(REGULAR),CHIQUIMULA
20-01-0221-46,20-024,CHIQUIMULA,CHIQUIMULA,ESCUELA SECUNDARIA PRIVADA MIXTA DE ORIENTE -ESDEO-,2DA. CALLE 4-40 ZONA 1,79420290,SILVIA MARILENA BUEZO MARTINEZ,ERWIN LEONEL COLINDRES MONROY,DIVERSIFICADO,PRIVADO,URBANA,ABIERTA,MONOLINGUE,DOBLE,DIARIO(REGULAR),CHIQUIMULA
20-01-0232-46,20-024,CHIQUIMULA,CHIQUIMULA,COLEGIO BILING�E MI PEQUE�O MUNDO (MY SMALL WORLD BILINGUAL SCHOOL),8VA. AVENIDA SUR FINAL 1-18 ZONA 4,79425429,SILVIA MARILENA BUEZO MARTINEZ,ANG�LICA MAR�A MEJ�A MORATAYA,DIVERSIFICADO,PRIVADO,URBANA,ABIERTA,MONOLINGUE,MATUTINA,DIARIO(REGULAR),CHIQUIMULA
20-01-0235-46,20-027,CHIQUIMULA,CHIQUIMULA,COLEGIO MIXTO EN TECNOLOG�A LATINOAMERICANO,3RA. AVENIDA 4-49 ZONA 1,41795225,SILVIA MARILENA BUEZO MARTINEZ,JAQUELINE EDITH SANTIAGO RAMOS,DIVERSIFICADO,PRIVADO,URBANA,ABIERTA,MONOLINGUE,DOBLE,FIN DE SEMANA,CHIQUIMULA
20-01-0245-46,20-024,CHIQUIMULA,CHIQUIMULA,"LICEO TEC, TECNOL�GICO, EXPERIMENTAL Y CIENT�FICO","CALZADA H�CTOR AUGUSTO ESPA�A BRACAMONTE, LOTE # 25 ZONA 2",58123452,SILVIA MARILENA BUEZO MARTINEZ,ROSA YESSENIA PACHECO DE FRANCO,DIVERSIFICADO,PRIVADO,URBANA,ABIERTA,MONOLINGUE,MATUTINA,DIARIO(REGULAR),CHIQUIMULA
20-01-0250-46,20-030,CHIQUIMULA,CHIQUIMULA,CENTRO DE EDUCACI�N EXTRAESCOLAR -CEEX- GRUPO CEIBA,"2DA. AVENIDA Y 5TA. CALLE ESQUINA ZONA 1, LA PILONA BARRIO LA DEMOCRACIA",42415701,VILMA ESPERANZA LOPEZ INTERIANO,DONALDO ENRIQUE SEGURA FRANCO,DIVERSIFICADO,OFICIAL,URBANA,ABIERTA,MONOLINGUE,DOBLE,FIN DE SEMANA,CHIQUIMULA
20-01-0251-46,20-030,CHIQUIMULA,CHIQUIMULA,CENTRO DE EDUCACI�N EXTRAESCOLAR -CEEX- COFI�O STAHL,ALDEA EL DURAZNO,55543693,VILMA ESPERANZA LOPEZ INTERIANO,RHOBBIN ALEXANDER ESQUIVEL C�CERES,DIVERSIFICADO,OFICIAL,RURAL,ABIERTA,MONOLINGUE,DOBLE,FIN DE SEMANA,CHIQUIMULA
20-01-0255-46,20-030,CHIQUIMULA,CHIQUIMULA,CENTRO DE EDUCACI�N EXTRAESCOLAR -CEEX- FUNCAFE,6TA AVENIDA Y 4TA. CALLE ZONA 1,31712671,VILMA ESPERANZA LOPEZ INTERIANO,ERIKA JULISA OLIVA DUARTE,DIVERSIFICADO,OFICIAL,URBANA,ABIERTA,MONOLINGUE,DOBLE,FIN DE SEMANA,CHIQUIMULA
20-01-0256-46,20-030,CHIQUIMULA,CHIQUIMULA,PROGRAMA NACIONAL DE EDUCACI�N ALTERNATIVA PRONEA,8VA. AVENIDA 6-60 ZONA 1,40104955,VILMA ESPERANZA LOPEZ INTERIANO,VILMA ESPERANZA L�PEZ INTERIANO,DIVERSIFICADO,OFICIAL,URBANA,ABIERTA,MONOLINGUE,DOBLE,A DISTANCIA,CHIQUIMULA
20-01-0257-46,20-030,CHIQUIMULA,CHIQUIMULA,CENTRO DE EDUCACI�N EXTRAESCOLAR -CEEX- DEPARTAMENTAL,8VA. AVENIDA 6-60 ZONA 1,56170043,VILMA ESPERANZA LOPEZ INTERIANO,ANGEL OSIEL BORJA PASCUAL,DIVERSIFICADO,OFICIAL,URBANA,ABIERTA,MONOLINGUE,DOBLE,SEMIPRESENCIAL,CHIQUIMULA
20-01-0309-46,20-024,CHIQUIMULA,CHIQUIMULA,COLEGIO PRIVADO MIXTO BENDICI�N,"4 CALLE A 13-25, ZONA 1",41007884,SILVIA MARILENA BUEZO MARTINEZ,AXEL YOVANY VILLELA MONROY,DIVERSIFICADO,PRIVADO,URBANA,ABIERTA,MONOLINGUE,SIN JORNADA,SEMIPRESENCIAL (UN D�A A LA SEMANA),CHIQUIMULA
20-01-0311-46,20-024,CHIQUIMULA,CHIQUIMULA,COLEGIO EVANG�LICO MIXTO ADONAI,8VA. AVENIDA 4-40 ZONA 1,79424111,SILVIA MARILENA BUEZO MARTINEZ,MERARI JASM�N DE LE�N CARRILLO,DIVERSIFICADO,PRIVADO,URBANA,ABIERTA,MONOLINGUE,SIN JORNADA,SEMIPRESENCIAL (UN D�A A LA SEMANA),CHIQUIMULA
20-01-0313-46,20-027,CHIQUIMULA,CHIQUIMULA,COLEGIO MIXTO EN TECNOLOG�A LATINOAMERICANO,3RA. AVENIDA 4-49 ZONA 1,41795225,SILVIA MARILENA BUEZO MARTINEZ,JAQUELINE EDITH SANTIAGO RAMOS,DIVERSIFICADO,PRIVADO,URBANA,ABIERTA,MONOLINGUE,SIN JORNADA,SEMIPRESENCIAL (UN D�A A LA SEMANA),CHIQUIMULA
20-01-0315-46,20-027,CHIQUIMULA,CHIQUIMULA,INSTITUTO TECNOL�GICO PRIVADO DE ORIENTE,4TA. AVENIDA 4-20 ZONA 1,79421528,SILVIA MARILENA BUEZO MARTINEZ,SALOMON ELIASIB ALVAREZ CORD�N,DIVERSIFICADO,PRIVADO,URBANA,ABIERTA,MONOLINGUE,SIN JORNADA,SEMIPRESENCIAL (UN D�A A LA SEMANA),CHIQUIMULA
20-01-0317-46,20-027,CHIQUIMULA,CHIQUIMULA,COLEGIO SUPERIOR DE INFORM�TICA HIGA,1A. CALLE 5-62 ZONA 2,53947190,SILVIA MARILENA BUEZO MARTINEZ,KOKMAN ANGEL CHANG BARELA,DIVERSIFICADO,PRIVADO,URBANA,ABIERTA,MONOLINGUE,SIN JORNADA,SEMIPRESENCIAL (UN D�A A LA SEMANA),CHIQUIMULA
20-01-0323-46,20-024,CHIQUIMULA,CHIQUIMULA,"LICEO TEC, TECNOL�GICO, EXPERIMENTAL Y CIENT�FICO",CALZADA H�CTOR AUGUSTO ESPA�A BRACAMONTE LOTE # 25 ZONA 2,58123452,SILVIA MARILENA BUEZO MARTINEZ,ROSA YESSENIA PACHECO DE FRANCO,DIVERSIFICADO,PRIVADO,URBANA,ABIERTA,MONOLINGUE,DOBLE,DIARIO(REGULAR),CHIQUIMULA
20-01-0324-46,20-027,CHIQUIMULA,CHIQUIMULA,COLEGIO PRIVADO MIXTO DIVINA MISERICORDIA,"6TA. CALLE PONIENTE ZONA 4, BARRIO EL MOLINO",55974817,SILVIA MARILENA BUEZO MARTINEZ,FRANCISCA LINARES RIVERA,DIVERSIFICADO,PRIVADO,URBANA,ABIERTA,MONOLINGUE,VESPERTINA,DIARIO(REGULAR),CHIQUIMULA
20-01-0326-46,20-001,CHIQUIMULA,CHIQUIMULA,ESCUELA NORMAL INTERCULTURAL,10 AVENIDA 3-71 ZONA 1,79427427,CESAR ADALBERTO NOGUERA JACOME,WENDY MARLENY ROQUE VARGAS,DIVERSIFICADO,OFICIAL,URBANA,ABIERTA,MONOLINGUE,MATUTINA,DIARIO(REGULAR),CHIQUIMULA
20-01-0327-46,20-001,CHIQUIMULA,CHIQUIMULA,INSTITUTO NORMAL PARA VARONES DE ORIENTE,6A. AVENIDA 4-10 ZONA 1,79420425,CESAR ADALBERTO NOGUERA JACOME,BALVINO CHAC�N P�REZ,DIVERSIFICADO,OFICIAL,URBANA,ABIERTA,MONOLINGUE,DOBLE,DIARIO(REGULAR),CHIQUIMULA
20-01-1613-46,20-027,CHIQUIMULA,CHIQUIMULA,COLEGIO SUPERIOR DE INFORMATICA HIGA,1A. CALLE 5-61 ZONA 2,44043628,SILVIA MARILENA BUEZO MARTINEZ,OLGA MARINA M�NDEZ L�PEZ,DIVERSIFICADO,PRIVADO,URBANA,ABIERTA,MONOLINGUE,MATUTINA,DIARIO(REGULAR),CHIQUIMULA
20-01-1846-46,20-001,CHIQUIMULA,CHIQUIMULA,ESCUELA NORMAL INTERCULTURAL,10A. AVENIDA 3-71 ZONA 1,79427427,CESAR ADALBERTO NOGUERA JACOME,WENDY MARLENY ROQUE VARGAS,DIVERSIFICADO,OFICIAL,URBANA,ABIERTA,MONOLINGUE,DOBLE,DIARIO(REGULAR),CHIQUIMULA
20-01-2089-46,20-024,CHIQUIMULA,CHIQUIMULA,COLEGIO EVANGELICO MIXTO ADONAI,8A. AVENIDA 4-40 ZONA 1,79424111,SILVIA MARILENA BUEZO MARTINEZ,MERARI JASM�N DE LE�N CARRILLO,DIVERSIFICADO,PRIVADO,URBANA,ABIERTA,MONOLINGUE,MATUTINA,DIARIO(REGULAR),CHIQUIMULA
20-02-0010-46,20-034,CHIQUIMULA,SAN JOSE LA ARADA,INSTITUTO MIXTO DE EDUCACION DIVERSIFICADA POR COOPERATIVA DE ENSE�ANZA,COLONIA LAS BRISAS,51309580,BYRON HORACIO SARCE�O ZEPEDA,LUDEK ABDEL ROSALES ESQUIVEL,DIVERSIFICADO,COOPERATIVA,URBANA,ABIERTA,MONOLINGUE,VESPERTINA,DIARIO(REGULAR),CHIQUIMULA
20-02-0012-46,20-030,CHIQUIMULA,SAN JOSE LA ARADA,CENTRO DE EDUCACI�N EXTRAESCOLAR -CEEX- FUNCAFE,ALDEA SASP�N,42580713,VILMA ESPERANZA LOPEZ INTERIANO,KATHLEEN GUEYLIN SAGASTUME GUERRA,DIVERSIFICADO,OFICIAL,RURAL,ABIERTA,MONOLINGUE,DOBLE,FIN DE SEMANA,CHIQUIMULA
20-03-0001-46,20-003,CHIQUIMULA,SAN JUAN ERMITA,INSTITUTO DIVERSIFICADO MUNICIPAL DE SAN JUAN ERMITA,BARRIO SAN PEDRITO,51989697,BLANCA ROSA MORALES DE GUTIERREZ,HENRY ARTURO JORD�N GUERRA,DIVERSIFICADO,MUNICIPAL,URBANA,ABIERTA,MONOLINGUE,VESPERTINA,DIARIO(REGULAR),CHIQUIMULA
20-03-0035-46,20-030,CHIQUIMULA,SAN JUAN ERMITA,CENTRO DE EDUCACI�N EXTRAESCOLAR -CEEX- FUNCAFE,ALDEA CHISP�N JARAL,33874323,VILMA ESPERANZA LOPEZ INTERIANO,EDRAS JEREM�AS GUERRA ALONZO,DIVERSIFICADO,OFICIAL,RURAL,ABIERTA,MONOLINGUE,DOBLE,FIN DE SEMANA,CHIQUIMULA
20-03-0073-46,20-003,CHIQUIMULA,SAN JUAN ERMITA,INSTITUTO NACIONAL DE EDUCACI�N DIVERSIFICADA,BARRIO SAN PEDRITO,55223225,BLANCA ROSA MORALES DE GUTIERREZ,PABLO MAURICIO COMP�,DIVERSIFICADO,OFICIAL,URBANA,ABIERTA,MONOLINGUE,VESPERTINA,DIARIO(REGULAR),CHIQUIMULA
20-04-0065-46,20-004,CHIQUIMULA,JOCOTAN,COLEGIO CENTRO CULTURAL CAMPO REAL,BARRIO SAN LORENZO,79465751,SERGIO ESTUARDO MEDINA GUDIEL,GLORIA ESTELA GUERRA GUTI�RREZ,DIVERSIFICADO,PRIVADO,URBANA,ABIERTA,MONOLINGUE,VESPERTINA,DIARIO(REGULAR),CHIQUIMULA
20-04-0097-46,20-004,CHIQUIMULA,JOCOTAN,INSTITUTO TECNOL�GICO OFICIAL DE LA MANCOMUNIDAD CH�ORTI�,BARRIO SAN LORENZO,79465395,SERGIO ESTUARDO MEDINA GUDIEL,ISIS MODESTA URRUTIA SANDOVAL,DIVERSIFICADO,OFICIAL,URBANA,ABIERTA,MONOLINGUE,MATUTINA,DIARIO(REGULAR),CHIQUIMULA
20-04-0104-46,20-043,CHIQUIMULA,JOCOTAN,COLEGIO PRIVADO MIXTO POR MADUREZ VISION 2008,BARRIO SAN SEBASTIAN,79465220,JULIO CESAR CAGUAY GUTIERRES,JORGE ALBERTO MONROY,DIVERSIFICADO,PRIVADO,URBANA,ABIERTA,MONOLINGUE,DOBLE,FIN DE SEMANA,CHIQUIMULA
20-04-0105-46,20-043,CHIQUIMULA,JOCOTAN,COLEGIO PRIVADO MIXTO POR MADUREZ VISION 2008,BARRIO SAN SEBASTIAN,79465220,JULIO CESAR CAGUAY GUTIERRES,JORGE ALBERTO MONROY,DIVERSIFICADO,PRIVADO,URBANA,ABIERTA,MONOLINGUE,MATUTINA,DIARIO(REGULAR),CHIQUIMULA
20-04-0110-46,20-004,CHIQUIMULA,JOCOTAN,CENTRO EDUCATIVO JOCOTECO BILING�E,BARRIO EL CEMENTERIO,47894195,SERGIO ESTUARDO MEDINA GUDIEL,SILDY ZULEMA PELAEZ,DIVERSIFICADO,PRIVADO,URBANA,ABIERTA,MONOLINGUE,VESPERTINA,DIARIO(REGULAR),CHIQUIMULA
20-04-0131-46,20-004,CHIQUIMULA,JOCOTAN,COLEGIO CENTRO CULTURAL CAMPO REAL,BARRIO SAN LORENZO,79465751,SERGIO ESTUARDO MEDINA GUDIEL,GLORIA ESTELA GUERRA GUTI�RREZ,DIVERSIFICADO,PRIVADO,URBANA,ABIERTA,MONOLINGUE,DOBLE,DIARIO(REGULAR),CHIQUIMULA
20-04-0132-46,20-042,CHIQUIMULA,JOCOTAN,INSTITUTO PRIVADO MIXTO DE EDUCACI�N B�SICA CON ORIENTACI�N OCUPACIONAL FE Y ALEGR�A NO. 10 SANTA MAR�A,BARRIO SAN SEBASTI�N,79465237,FRANCISCO JAVIER GUERRA PAZOS,VIVECA ELEONORA MONROY ALVAREZ,DIVERSIFICADO,PRIVADO,URBANA,ABIERTA,MONOLINGUE,VESPERTINA,DIARIO(REGULAR),CHIQUIMULA
20-04-0134-46,20-004,CHIQUIMULA,JOCOTAN,COLEGIO CENTRO CULTURAL CAMPO REAL,BARRIO SAN LORENZO,79465751,SERGIO ESTUARDO MEDINA GUDIEL,GLORIA ESTELA GUERRA GUTI�RREZ,DIVERSIFICADO,PRIVADO,URBANA,ABIERTA,MONOLINGUE,DOBLE,FIN DE SEMANA,CHIQUIMULA
20-04-0136-46,20-004,CHIQUIMULA,JOCOTAN,COLEGIO PRIVADO EL OLAM,BARRIO EL CEMENTERIO,79465453,SERGIO ESTUARDO MEDINA GUDIEL,LINDAYK GICELENA CASTELL�N NUFIO,DIVERSIFICADO,PRIVADO,URBANA,ABIERTA,MONOLINGUE,VESPERTINA,DIARIO(REGULAR),CHIQUIMULA
20-04-0137-46,20-030,CHIQUIMULA,JOCOTAN,CENTRO DE EDUCACI�N EXTRAESCOLAR -CEEX- FUNCAFE,"CASER�O TIERRA BLANCA, ALDEA LOS VADOS",33874323,VILMA ESPERANZA LOPEZ INTERIANO,NOHEM� ELIZABETH GARC�A GUZM�N,DIVERSIFICADO,OFICIAL,RURAL,ABIERTA,MONOLINGUE,DOBLE,FIN DE SEMANA,CHIQUIMULA
20-04-0197-46,20-043,CHIQUIMULA,JOCOTAN,LICEO VICENTE CARRANZA LEMUS,BARRIO SAN SEBASTI�N BOULEVARD AL MAESTRO,59094455,JULIO CESAR CAGUAY GUTIERRES,IRENE LISSETH VANEGAS CASTA�EDA,DIVERSIFICADO,PRIVADO,URBANA,ABIERTA,MONOLINGUE,VESPERTINA,DIARIO(REGULAR),CHIQUIMULA
20-04-0210-46,20-030,CHIQUIMULA,JOCOTAN,CENTRO DE EDUCACI�N EXTRAESCOLAR -CEEX- MUNICIPAL,ALDEA MATAZANO,33360297,VILMA ESPERANZA LOPEZ INTERIANO,LUZ AMANDA RAM�REZ RAM�REZ,DIVERSIFICADO,OFICIAL,RURAL,ABIERTA,MONOLINGUE,DOBLE,SEMIPRESENCIAL,CHIQUIMULA
20-04-0211-46,20-030,CHIQUIMULA,JOCOTAN,CENTRO DE EDUCACI�N EXTRAESCOLAR -CEEX- MUNICIPAL,ALDEA GUARERUCHE,47828101,VILMA ESPERANZA LOPEZ INTERIANO,MAR�A VICTORIA GER�NIMO ESCALANTE DE M�NDEZ,DIVERSIFICADO,OFICIAL,RURAL,ABIERTA,MONOLINGUE,DOBLE,SEMIPRESENCIAL,CHIQUIMULA
20-04-0212-46,20-030,CHIQUIMULA,JOCOTAN,CENTRO DE EDUCACI�N EXTRAESCOLAR -CEEX- MUNICIPAL,ALDEA TONTOLES,38542069,VILMA ESPERANZA LOPEZ INTERIANO,ANGELICA LUCIA M�NDEZ ESQUIVEL,DIVERSIFICADO,OFICIAL,RURAL,ABIERTA,MONOLINGUE,DOBLE,SEMIPRESENCIAL,CHIQUIMULA
20-04-0213-46,20-030,CHIQUIMULA,JOCOTAN,"CENTRO DE EDUCACI�N EXTRAESCOLAR, MUNICIPAL, -CEEX-","CASER�O MAGUEYAL, ALDEA PACR�N",45421031,VILMA ESPERANZA LOPEZ INTERIANO,WENDY D�AZ P�REZ,DIVERSIFICADO,OFICIAL,RURAL,ABIERTA,MONOLINGUE,DOBLE,SEMIPRESENCIAL,CHIQUIMULA
20-04-0256-46,20-004,CHIQUIMULA,JOCOTAN,COLEGIO CENTRO CULTURAL CAMPO REAL,BARRIO SAN LORENZO,79465751,SERGIO ESTUARDO MEDINA GUDIEL,GLORIA ESTELA GUERRA GUTI�RREZ,DIVERSIFICADO,PRIVADO,URBANA,ABIERTA,MONOLINGUE,SIN JORNADA,SEMIPRESENCIAL (UN D�A A LA SEMANA),CHIQUIMULA
20-04-0258-46,20-043,CHIQUIMULA,JOCOTAN,COLEGIO PRIVADO MIXTO POR MADUREZ VISION 2008,BARRIO SAN SEBASTI�N,79465220,JULIO CESAR CAGUAY GUTIERRES,JORGE ALBERTO MONROY,DIVERSIFICADO,PRIVADO,URBANA,ABIERTA,MONOLINGUE,SIN JORNADA,SEMIPRESENCIAL (UN D�A A LA SEMANA),CHIQUIMULA
20-04-0261-46,20-030,CHIQUIMULA,JOCOTAN,CENTRO DE EDUCACI�N EXTRAESCOLAR -CEEX PRONEA ASORO-,BARRIO SAN SEBASTI�N,56980041,VILMA ESPERANZA LOPEZ INTERIANO,PAULA KAROLINA L�PEZ RAM�REZ,DIVERSIFICADO,OFICIAL,URBANA,ABIERTA,MONOLINGUE,MATUTINA,SEMIPRESENCIAL,CHIQUIMULA
20-04-2036-46,20-042,CHIQUIMULA,JOCOTAN,"INSTITUTO T�CNICO EN RECURSOS NATURALES MAYA CH'ORTI' ""INTERNMACH""",CASER�O TIERRA BLANCA ALDEA LOS VADOS,32135589,FRANCISCO JAVIER GUERRA PAZOS,DALIA ARLETH P�REZ HERN�NDEZ,DIVERSIFICADO,PRIVADO,RURAL,ABIERTA,MONOLINGUE,DOBLE,DIARIO(REGULAR),CHIQUIMULA
20-04-2267-46,20-043,CHIQUIMULA,JOCOTAN,"ESCUELA NORMAL RURAL NO. 3 ""RAFAEL IRIARTE""",BARRIO SAN LORENZO,79465228,JULIO CESAR CAGUAY GUTIERRES,FIDELINO HUALES S�CHITE,DIVERSIFICADO,OFICIAL,URBANA,ABIERTA,BILINGUE,VESPERTINA,DIARIO(REGULAR),CHIQUIMULA
20-05-0087-46,20-021,CHIQUIMULA,CAMOTAN,INSTITUTO NACIONAL DE EDUCACION DIVERSIFICADA,ALDEA MUYURCO,,CESAR RAMIREZ HERNANDEZ,---,DIVERSIFICADO,OFICIAL,URBANA,ABIERTA,MONOLINGUE,MATUTINA,DIARIO(REGULAR),CHIQUIMULA
20-05-0088-46,20-017,CHIQUIMULA,CAMOTAN,INSTITUTO NACIONAL DE EDUCACION DIVERSIFICADA,BARRIO EL CEMENTERIO,,GLENDY ARACELY GARC�A P�REZ,---,DIVERSIFICADO,OFICIAL,URBANA,ABIERTA,MONOLINGUE,VESPERTINA,DIARIO(REGULAR),CHIQUIMULA
20-05-0254-46,20-017,CHIQUIMULA,CAMOTAN,COLEGIO PARROQUIAL PRIVADO NUESTRA SE�ORA DE LA ANUNCIACI�N,BARRIO LA PARROQUIA,79465019,GLENDY ARACELY GARC�A P�REZ,NEYDA YADIRA M�NDEZ GARC�A,DIVERSIFICADO,PRIVADO,URBANA,ABIERTA,MONOLINGUE,VESPERTINA,DIARIO(REGULAR),CHIQUIMULA
20-05-1847-46,20-017,CHIQUIMULA,CAMOTAN,ESCUELA NORMAL BILING�E INTERCULTURAL/TURER AJ KANSEYAJ CH'ORTI',BARRIO EL CEMENTERIO,46254169,GLENDY ARACELY GARC�A P�REZ,ROSANA ELIZABETH P�REZ V�SQUEZ,DIVERSIFICADO,OFICIAL,URBANA,ABIERTA,BILINGUE,MATUTINA,DIARIO(REGULAR),CHIQUIMULA
20-05-1863-46,20-034,CHIQUIMULA,CAMOTAN,INSTITUTO POR COOPERATIVA DE ENSE�ANZA DIVERSIFICADA,ALDEA CAPARJA,33448425,BYRON HORACIO SARCE�O ZEPEDA,ROBERTO ANTONIO HERN�NDEZ,DIVERSIFICADO,COOPERATIVA,RURAL,ABIERTA,MONOLINGUE,VESPERTINA,DIARIO(REGULAR),CHIQUIMULA
20-06-0042-46,20-030,CHIQUIMULA,OLOPA,CENTRO DE EDUCACI�N EXTRAESCOLAR -CEEX- FUNCAFE,ALDEA TITUQUE,47517698,VILMA ESPERANZA LOPEZ INTERIANO,ANGELA ROC�O D�AZ URRUTIA,DIVERSIFICADO,OFICIAL,RURAL,ABIERTA,MONOLINGUE,DOBLE,FIN DE SEMANA,CHIQUIMULA
20-06-1787-46,20-034,CHIQUIMULA,OLOPA,INSTITUTO DIVERSIFICADO POR COOPERATIVA DE ENSE�ANZA LIC. MARIO ROLANDO TORRES MARROQUIN,OLOPA,,BYRON HORACIO SARCE�O ZEPEDA,ISOLINA BEDETH URRUTIA LEMUS,DIVERSIFICADO,COOPERATIVA,URBANA,ABIERTA,MONOLINGUE,VESPERTINA,DIARIO(REGULAR),CHIQUIMULA
20-07-0002-46,20-035,CHIQUIMULA,ESQUIPULAS,"INSTITUTO TECNICO INDUSTRIAL ""HENRY FORD""","5A CALLE ""A"" 6-74 ZONA 1",79433773,VICTORIA NOEM� RECINOS VIDAL DE HERN�NDEZ,ROBERTO VEL�SQUEZ REAL,DIVERSIFICADO,PRIVADO,URBANA,ABIERTA,MONOLINGUE,DOBLE,DIARIO(REGULAR),CHIQUIMULA
20-07-0004-46,20-035,CHIQUIMULA,ESQUIPULAS,"INSTITUTO TECNICO INDUSTRIAL ""HENRY FORD""","5A CALLE ""A"" 6-74 ZONA 1",79433773,VICTORIA NOEM� RECINOS VIDAL DE HERN�NDEZ,ROBERTO VEL�SQUEZ REAL,DIVERSIFICADO,PRIVADO,URBANA,ABIERTA,MONOLINGUE,VESPERTINA,DIARIO(REGULAR),CHIQUIMULA
20-07-0050-46,20-035,CHIQUIMULA,ESQUIPULAS,INSTITUTO NACIONAL DE EDUCACION DIVERSIFICADA,"BARRIO SANTA ANA, ZONA 3",42024937,VICTORIA NOEM� RECINOS VIDAL DE HERN�NDEZ,NORA LIZANDRA VILLALOBOS VIDAL,DIVERSIFICADO,OFICIAL,URBANA,ABIERTA,MONOLINGUE,VESPERTINA,DIARIO(REGULAR),CHIQUIMULA
20-07-0061-46,20-035,CHIQUIMULA,ESQUIPULAS,INSTITUTO MUNICIPAL DE EDUCACION DIVERSIFICADA DE ESQUIPULAS,2DA. AVENIDA 0-20 ZONA 1,42787205,VICTORIA NOEM� RECINOS VIDAL DE HERN�NDEZ,LESBIA DINORA S�NCHEZ,DIVERSIFICADO,MUNICIPAL,URBANA,ABIERTA,MONOLINGUE,VESPERTINA,DIARIO(REGULAR),CHIQUIMULA
20-07-0083-46,20-034,CHIQUIMULA,ESQUIPULAS,INSTITUTO DE EDUCACION DIVERSIFICADA POR COOPERATIVA DE ENSE�ANZA,ALDEA CHANMAGUA,53046838,BYRON HORACIO SARCE�O ZEPEDA,ALVARO JOEL RAM�REZ VILLEDA,DIVERSIFICADO,COOPERATIVA,RURAL,ABIERTA,MONOLINGUE,VESPERTINA,DIARIO(REGULAR),CHIQUIMULA
20-07-0106-46,20-014,CHIQUIMULA,ESQUIPULAS,LICEO DE FORMACION INTEGRAL,8A. CALLE 1-15 ZONA 1 COLONIA QUIRIO CATA�O II,79433902,ERICK ESTUARDO ALVARADO GALV�N,SOLEDAD DEL CARMEN L�PEZ ROSA,DIVERSIFICADO,PRIVADO,URBANA,ABIERTA,MONOLINGUE,VESPERTINA,DIARIO(REGULAR),CHIQUIMULA
20-07-0111-46,20-015,CHIQUIMULA,ESQUIPULAS,"COLEGIO DE EDUCACI�N PARA ADULTOS ""SEMILLA DE VIDA""",3A. CALLE 2-13 ZONA 2 BARRIO NUEVO,59748507,LANDELINO CRUZ GARCIA,EDY NO� VIDES MEJ�A,DIVERSIFICADO,PRIVADO,URBANA,ABIERTA,MONOLINGUE,DOBLE,FIN DE SEMANA,CHIQUIMULA
20-07-0114-46,20-015,CHIQUIMULA,ESQUIPULAS,"COLEGIO DE EDUCACION PARA ADULTOS ""SEMILLA DE VIDA""",3A. CALLE 2-13 ZONA 2 BARRIO NUEVO,59748507,LANDELINO CRUZ GARCIA,EDY NO� VIDES MEJ�A,DIVERSIFICADO,PRIVADO,URBANA,ABIERTA,MONOLINGUE,DOBLE,FIN DE SEMANA,CHIQUIMULA
20-07-0116-46,20-014,CHIQUIMULA,ESQUIPULAS,LICEO DE FORMACI�N INTEGRAL,8VA. CALLE 1-15 ZONA 1 COLONIA QUIRIO CATA�O II,79433902,ERICK ESTUARDO ALVARADO GALV�N,C�SAR OBDULIO L�ZARO S�CHITE,DIVERSIFICADO,PRIVADO,URBANA,ABIERTA,MONOLINGUE,DOBLE,FIN DE SEMANA,CHIQUIMULA
20-07-0122-46,20-044,CHIQUIMULA,ESQUIPULAS,"COLEGIO PRIVADO MIXTO ""MONTESSORI""","6TA. AVENIDA 6-99 ZONA 1, BARRIO SAN JOAQUIN",79431270,ERICK ESTUARDO ALVARADO GALV�N,MILAGRO DE JES�S ACEVEDO DUARTE,DIVERSIFICADO,PRIVADO,URBANA,ABIERTA,MONOLINGUE,DOBLE,DIARIO(REGULAR),CHIQUIMULA
20-07-0127-46,20-015,CHIQUIMULA,ESQUIPULAS,"COLEGIO DE EDUCACION PARA ADULTOS ""SEMILLA DE VIDA""",3A. CALLE 2-13 ZONA 2,32155033,LANDELINO CRUZ GARCIA,EDY NO� VIDES MEJ�A,DIVERSIFICADO,PRIVADO,URBANA,ABIERTA,MONOLINGUE,VESPERTINA,DIARIO(REGULAR),CHIQUIMULA
20-07-0132-46,20-035,CHIQUIMULA,ESQUIPULAS,LICEO ESQUIPULTECO BILING�E,3A. AVENIDA 4-31 ZONA 1,41897428,VICTORIA NOEM� RECINOS VIDAL DE HERN�NDEZ,ANA MAR�A P�REZ HERN�NDEZ,DIVERSIFICADO,PRIVADO,URBANA,ABIERTA,MONOLINGUE,VESPERTINA,DIARIO(REGULAR),CHIQUIMULA
20-07-0141-46,20-015,CHIQUIMULA,ESQUIPULAS,INSTITUTO REN� ALMENGOR INBECC,"6A. AVENIDA 0-11 ZONA 1, BARRIO SANTIAGUITO",79432727,LANDELINO CRUZ GARCIA,SANTOS INOCENTE RAMOS DE LE�N,DIVERSIFICADO,PRIVADO,URBANA,ABIERTA,MONOLINGUE,INTERMEDIA,DIARIO(REGULAR),CHIQUIMULA
20-07-0142-46,20-015,CHIQUIMULA,ESQUIPULAS,INSTITUTO REN� ALMENGOR INBECC,"6A. AVENIDA 0-11 ZONA 1, BARRIO SANTIAGUITO",79432727,LANDELINO CRUZ GARCIA,SANTOS INOCENTE RAMOS DE LE�N,DIVERSIFICADO,PRIVADO,URBANA,ABIERTA,MONOLINGUE,VESPERTINA,DIARIO(REGULAR),CHIQUIMULA
20-07-0143-46,20-030,CHIQUIMULA,ESQUIPULAS,CENTRO DE EDUCACI�N EXTRAESCOLAR -CEEX- FUNCAFE,10 CALLE 6-27 BARRIO SAN SEBASTI�N,30393716,VILMA ESPERANZA LOPEZ INTERIANO,CARLOS ROLANDO MONROY CHEG��N,DIVERSIFICADO,OFICIAL,URBANA,ABIERTA,MONOLINGUE,DOBLE,FIN DE SEMANA,CHIQUIMULA
20-07-0145-46,20-035,CHIQUIMULA,ESQUIPULAS,COLEGIO PRIVADO MIXTO BENDICI�N,6A. AVENIDA 6-99 ZONA 1 BARRIO SAN JOAQU�N,42194761,VICTORIA NOEM� RECINOS VIDAL DE HERN�NDEZ,OSCAR ESCOBAR ESPINO,DIVERSIFICADO,PRIVADO,URBANA,ABIERTA,MONOLINGUE,SIN JORNADA,SEMIPRESENCIAL (UN D�A A LA SEMANA),CHIQUIMULA
20-07-0147-46,20-014,CHIQUIMULA,ESQUIPULAS,LICEO DE FORMACI�N INTEGRAL,8VA. CALLE 1-15 ZONA 1 COLONIA QUIRIO CATA�O II,79433902,ERICK ESTUARDO ALVARADO GALV�N,C�SAR OBDULIO L�ZARO S�CHITE,DIVERSIFICADO,PRIVADO,URBANA,ABIERTA,MONOLINGUE,SIN JORNADA,SEMIPRESENCIAL (UN D�A A LA SEMANA),CHIQUIMULA
20-07-0149-46,20-035,CHIQUIMULA,ESQUIPULAS,"INSTITUTO T�CNICO INDUSTRIAL ""HENRY FORD""","5TA. CALLE ""A"" 6-74 ZONA 1",32021983,VICTORIA NOEM� RECINOS VIDAL DE HERN�NDEZ,ROBERTO VEL�SQUEZ REAL,DIVERSIFICADO,PRIVADO,URBANA,ABIERTA,MONOLINGUE,SIN JORNADA,SEMIPRESENCIAL (UN D�A A LA SEMANA),CHIQUIMULA
20-07-0332-46,20-015,CHIQUIMULA,ESQUIPULAS,ESCUELA DE EDUCACI�N DIVERSIFICADA EDIVER,6A. AV. 6-99 ZONA 1,41491485,LANDELINO CRUZ GARCIA,H�CTOR LEONEL SALGUERO MORALES,DIVERSIFICADO,PRIVADO,URBANA,ABIERTA,MONOLINGUE,VESPERTINA,DIARIO(REGULAR),CHIQUIMULA
20-07-0506-46,20-044,CHIQUIMULA,ESQUIPULAS,"COLEGIO PRIVADO MIXTO ""MONTESSORI""",6A. AVENIDA 6-99 ZONA 1,79431270,ERICK ESTUARDO ALVARADO GALV�N,H�CTOR LEONEL SALGUERO MORALES,DIVERSIFICADO,PRIVADO,URBANA,ABIERTA,MONOLINGUE,VESPERTINA,DIARIO(REGULAR),CHIQUIMULA
20-07-1909-46,20-015,CHIQUIMULA,ESQUIPULAS,COLEGIO CATOLICO PRIVADO MIXTO 'SAN BENITO',13 CALLE 6-06 ZONA 1,79431391,LANDELINO CRUZ GARCIA,MARIO RICARDO LEIVA D�AZ,DIVERSIFICADO,PRIVADO,URBANA,ABIERTA,MONOLINGUE,VESPERTINA,DIARIO(REGULAR),CHIQUIMULA
20-07-2098-46,20-014,CHIQUIMULA,ESQUIPULAS,COLEGIO PRIVADO MIXTO RENACIMIENTO,5A. AV. 2-25 ZONA 1,79432012,ERICK ESTUARDO ALVARADO GALV�N,LUIS ARIEL SANDOVAL ARANA,DIVERSIFICADO,PRIVADO,URBANA,ABIERTA,MONOLINGUE,DOBLE,FIN DE SEMANA,CHIQUIMULA
20-07-2365-46,20-014,CHIQUIMULA,ESQUIPULAS,COLEGIO PRIVADO MIXTO RENACIMIENTO,"5A. AV, 2-25 ZONA 1 ESQUIPULAS",,ERICK ESTUARDO ALVARADO GALV�N,,DIVERSIFICADO,PRIVADO,URBANA,ABIERTA,MONOLINGUE,VESPERTINA,DIARIO(REGULAR),CHIQUIMULA
20-08-0004-46,20-040,CHIQUIMULA,CONCEPCION LAS MINAS,COLEGIO CRISTIANO CRISTO VIENE YA,COLONIA BETHEL ALDEA LA ERMITA,79437534,SONIA FAVIOLA FRANCO GARC�A,EVER AROLDO CORTEZ GUERRA,DIVERSIFICADO,PRIVADO,RURAL,ABIERTA,MONOLINGUE,VESPERTINA,DIARIO(REGULAR),CHIQUIMULA
20-08-0006-46,20-040,CHIQUIMULA,CONCEPCION LAS MINAS,INSTITUTO NACIONAL DE EDUCACION DIVERSIFICADA,COLONIA NUEVA,30194721,SONIA FAVIOLA FRANCO GARC�A,ULISES RIVERA ACEVEDO,DIVERSIFICADO,OFICIAL,URBANA,ABIERTA,MONOLINGUE,MATUTINA,DIARIO(REGULAR),CHIQUIMULA
20-08-0018-46,20-040,CHIQUIMULA,CONCEPCION LAS MINAS,COLEGIO MUNICIPAL DE EDUCACION DIVERSIFICADA,COLONIA NUEVA,79435110,SONIA FAVIOLA FRANCO GARC�A,SANDRA ERUDINA ESPINO CASTILLO,DIVERSIFICADO,MUNICIPAL,URBANA,ABIERTA,MONOLINGUE,VESPERTINA,DIARIO(REGULAR),CHIQUIMULA
20-08-0020-46,20-040,CHIQUIMULA,CONCEPCION LAS MINAS,INSTITUTO NACIONAL DE EDUCACI�N DIVERSIFICADA,COLONIA NUEVA,30194721,SONIA FAVIOLA FRANCO GARC�A,ULISES RIVERA ACEVEDO,DIVERSIFICADO,OFICIAL,URBANA,ABIERTA,MONOLINGUE,DOBLE,DIARIO(REGULAR),CHIQUIMULA
20-08-0025-46,20-040,CHIQUIMULA,CONCEPCION LAS MINAS,COLEGIO CRISTIANO CRISTO VIENE YA,"COLONIA BETHEL, ALDEA LA ERMITA",79437534,SONIA FAVIOLA FRANCO GARC�A,EVER AROLDO CORTEZ GUERRA,DIVERSIFICADO,PRIVADO,RURAL,ABIERTA,MONOLINGUE,SIN JORNADA,SEMIPRESENCIAL (UN D�A A LA SEMANA),CHIQUIMULA
20-09-0037-46,20-037,CHIQUIMULA,QUEZALTEPEQUE,COMPLEJO EDUCATIVO INTERCULTURAL,"COLONIA SANTA FILOMENA, ZONA 2",33721515,MIRNA MARLENY JUAREZ PEREZ,ORFA RECINOS RIVERA,DIVERSIFICADO,PRIVADO,URBANA,ABIERTA,MONOLINGUE,MATUTINA,DIARIO(REGULAR),CHIQUIMULA
20-09-0043-46,20-037,CHIQUIMULA,QUEZALTEPEQUE,COMPLEJO EDUCATIVO INTERCULTURAL,COLONIA SANTA FILOMENA ZONA 2,79440254,MIRNA MARLENY JUAREZ PEREZ,MARIA ESTHER MARCOS LOPEZ,DIVERSIFICADO,PRIVADO,URBANA,ABIERTA,MONOLINGUE,VESPERTINA,DIARIO(REGULAR),CHIQUIMULA
20-09-0044-46,20-038,CHIQUIMULA,QUEZALTEPEQUE,"COLEGIO CATOLICO PRIVADO MIXTO ""SAN FRANCISCO DE ASIS""","COLONIA SANTA FILOMENA, ZONA 2",52075093,RICARDO URIEL SAMAYOA TRIGUEROS,JUAN LUIS MIGUEL AGOSTO,DIVERSIFICADO,PRIVADO,URBANA,ABIERTA,MONOLINGUE,VESPERTINA,DIARIO(REGULAR),CHIQUIMULA
20-09-0045-46,20-038,CHIQUIMULA,QUEZALTEPEQUE,LICEO TECNICO QUEZALTEPEQUE,9. CALLEJON 1-72 ZONA 1,55101858,RICARDO URIEL SAMAYOA TRIGUEROS,ELOINA MARGOTH SANDOVAL VILLAFUERTE,DIVERSIFICADO,PRIVADO,URBANA,ABIERTA,MONOLINGUE,MATUTINA,DIARIO(REGULAR),CHIQUIMULA
20-09-0056-46,20-037,CHIQUIMULA,QUEZALTEPEQUE,COMPLEJO EDUCATIVO INTERCULTURAL,"COLONIA SANTA FILOMENA, ZONA 2",33721515,MIRNA MARLENY JUAREZ PEREZ,ORFA RECINOS RIVERA,DIVERSIFICADO,PRIVADO,URBANA,ABIERTA,MONOLINGUE,DOBLE,DIARIO(REGULAR),CHIQUIMULA
20-09-0060-46,20-037,CHIQUIMULA,QUEZALTEPEQUE,INSTITUTO PRIVADO MIXTO NOCTURNO DE CIENCIAS COMERCIALES,"COLONIA SANTA FILOMENA, ZONA 2",33721515,MIRNA MARLENY JUAREZ PEREZ,OLGA ELENA CASTA�EDA MOLINA,DIVERSIFICADO,PRIVADO,URBANA,ABIERTA,MONOLINGUE,DOBLE,FIN DE SEMANA,CHIQUIMULA
20-09-0063-46,20-038,CHIQUIMULA,QUEZALTEPEQUE,LICEO T�CNICO QUEZALTEPEQUE,9NO. CALLEJ�N 1-72 ZONA 1,55101858,RICARDO URIEL SAMAYOA TRIGUEROS,ELOINA MARGOTH SANDOVAL VILLAFUERTE,DIVERSIFICADO,PRIVADO,URBANA,ABIERTA,MONOLINGUE,DOBLE,FIN DE SEMANA,CHIQUIMULA
20-09-0064-46,20-038,CHIQUIMULA,QUEZALTEPEQUE,COLEGIO ADVENTISTA REDENCI�N,14 CALLEJ�N 3-11 ZONA 2 COLONIA VILLA LORENA,47005938,RICARDO URIEL SAMAYOA TRIGUEROS,BLANCA EDINA P�REZ FELIPE,DIVERSIFICADO,PRIVADO,URBANA,ABIERTA,MONOLINGUE,MATUTINA,DIARIO(REGULAR),CHIQUIMULA
20-09-0069-46,20-030,CHIQUIMULA,QUEZALTEPEQUE,CENTRO DE EDUCACI�N EXTRAESCOLAR -CEEX- FUNCAFE,1ERA. CALLE 4-59 ZONA 1,33086541,VILMA ESPERANZA LOPEZ INTERIANO,SINDY YAMAL� V�SQUEZ PASCUAL,DIVERSIFICADO,OFICIAL,URBANA,ABIERTA,MONOLINGUE,DOBLE,FIN DE SEMANA,CHIQUIMULA
20-09-0071-46,20-038,CHIQUIMULA,QUEZALTEPEQUE,LICEO T�CNICO QUEZALTEPEQUE,9. CALLEJON 1-72 ZONA 1,55101858,RICARDO URIEL SAMAYOA TRIGUEROS,ELOINA MARGOTH SANDOVAL VILLAFUERTE,DIVERSIFICADO,PRIVADO,URBANA,ABIERTA,MONOLINGUE,SIN JORNADA,SEMIPRESENCIAL (UN D�A A LA SEMANA),CHIQUIMULA
20-09-0073-46,20-037,CHIQUIMULA,QUEZALTEPEQUE,INSTITUTO PRIVADO MIXTO NOCTURNO DE CIENCIAS COMERCIALES,"COLONIA SANTA FILOMENA, ZONA 2",33721515,MIRNA MARLENY JUAREZ PEREZ,OLGA ELENA CASTA�EDA MOLINA,DIVERSIFICADO,PRIVADO,URBANA,ABIERTA,MONOLINGUE,SIN JORNADA,SEMIPRESENCIAL (UN D�A A LA SEMANA),CHIQUIMULA
20-09-0408-46,20-037,CHIQUIMULA,QUEZALTEPEQUE,INSTITUTO PRIVADO MIXTO NOCTURNO DE CIENCIAS COMERCIALES,COLONIA SANTA FILOMENA,79440254,MIRNA MARLENY JUAREZ PEREZ,REINALDO JO�L MARROQU�N TORRES,DIVERSIFICADO,PRIVADO,URBANA,ABIERTA,MONOLINGUE,NOCTURNA,DIARIO(REGULAR),CHIQUIMULA
20-09-1525-46,20-038,CHIQUIMULA,QUEZALTEPEQUE,LICEO TECNICO QUEZALTEPEQUE,9NO. CALLEJON 1-72 ZONA 1,55101858,RICARDO URIEL SAMAYOA TRIGUEROS,ELOINA MARGOTH SANDOVAL VILLAFUERTE,DIVERSIFICADO,PRIVADO,URBANA,ABIERTA,MONOLINGUE,VESPERTINA,DIARIO(REGULAR),CHIQUIMULA
20-09-1793-46,20-037,CHIQUIMULA,QUEZALTEPEQUE,ESCUELA NORMAL DE EDUCACI�N F�SICA DOCTOR EN CIENCIAS POL�TICAS Y SOCIALES MARIO ROLANDO TORRES MARROQU�N,KILOMETRO 197 CARRETERA A ESQUIPULAS COLONIA LOS PINOS,46430310,MIRNA MARLENY JUAREZ PEREZ,LUIS EDUARDO FRANCISCO ELGUETA ANDRINO,DIVERSIFICADO,OFICIAL,URBANA,ABIERTA,MONOLINGUE,DOBLE,DIARIO(REGULAR),CHIQUIMULA
20-09-1794-46,20-037,CHIQUIMULA,QUEZALTEPEQUE,INSTITUTO DE BACHILLERATO EN COMPUTACION,3A. AV. 1-68 ZONA 1,51578198,MIRNA MARLENY JUAREZ PEREZ,WILLIAM EDUARDO MORALES GONZ�LEZ,DIVERSIFICADO,OFICIAL,URBANA,ABIERTA,MONOLINGUE,VESPERTINA,DIARIO(REGULAR),CHIQUIMULA
20-09-2271-46,20-037,CHIQUIMULA,QUEZALTEPEQUE,INSTITUTO PRIVADO MIXTO NOCTURNO DE CIENCIAS COMERCIALES,"COLONIA SANTA FILOMENA, ZONA 2",33721515,MIRNA MARLENY JUAREZ PEREZ,OLGA ELENA CASTA�EDA MOLINA,DIVERSIFICADO,PRIVADO,URBANA,ABIERTA,MONOLINGUE,VESPERTINA,DIARIO(REGULAR),CHIQUIMULA
20-10-0013-46,20-011,CHIQUIMULA,SAN JACINTO,INSTITUTO NACIONAL DE EDUCACION DIVERSIFICADA,BARRIO EL CENTRO SAN JACINTO,,OSWALDO RAFAEL SALINAS BRENES,NOLVIA DANILDA M�NDEZ RAM�REZ,DIVERSIFICADO,OFICIAL,URBANA,ABIERTA,MONOLINGUE,VESPERTINA,DIARIO(REGULAR),CHIQUIMULA
20-10-0020-46,20-030,CHIQUIMULA,SAN JACINTO,CENTRO DE EDUCACI�N EXTRAESCOLAR -CEEX- FUNCAFE,ALDEA TIZUB�N,55372091,VILMA ESPERANZA LOPEZ INTERIANO,DINA RAM�REZ MARCOS,DIVERSIFICADO,OFICIAL,RURAL,ABIERTA,MONOLINGUE,DOBLE,FIN DE SEMANA,CHIQUIMULA
20-11-0001-46,20-018,CHIQUIMULA,IPALA,"INSTITUTO TECNICO INDUSTRIAL ""ALBERT EINSTEIN""",1A. DIAGONAL 2-44 ZONA 1,41585052,NILDA MARITZA ARROYO RODRIGUEZ,ELSY MARINA RAM�REZ RAM�REZ,DIVERSIFICADO,PRIVADO,URBANA,ABIERTA,MONOLINGUE,DOBLE,DIARIO(REGULAR),CHIQUIMULA
20-11-0009-46,20-018,CHIQUIMULA,IPALA,COLEGIO PRIVADO DE BACHILLERATO POR MADUREZ EMMANUEL,RUTA NACIONAL 1-23 ZONA 1,46310501,NILDA MARITZA ARROYO RODRIGUEZ,CELMA YOLANDA MORALES SALGUERO,DIVERSIFICADO,PRIVADO,URBANA,ABIERTA,MONOLINGUE,DOBLE,FIN DE SEMANA,CHIQUIMULA
20-11-0012-46,20-041,CHIQUIMULA,IPALA,INSTITUTO NACIONAL DE EDUCACION DIVERSIFICADA,ALDEA EL SUYATE,31049608,JUAN DE DIOS MONROY RAMIREZ,GILMER LEONARD VILLAFUERTE LOPEZ,DIVERSIFICADO,OFICIAL,RURAL,ABIERTA,MONOLINGUE,VESPERTINA,DIARIO(REGULAR),CHIQUIMULA
20-11-0029-46,20-041,CHIQUIMULA,IPALA,"COLEGIO PARTICULAR MIXTO ""PROYECCION""",1 AVENIDA 1-35 ZONA 5,79428303,JUAN DE DIOS MONROY RAMIREZ,AURA GUILLERMINA P�REZ,DIVERSIFICADO,PRIVADO,URBANA,ABIERTA,MONOLINGUE,DOBLE,DIARIO(REGULAR),CHIQUIMULA
20-11-0030-46,20-039,CHIQUIMULA,IPALA,COLEGIO PARTICULAR MIXTO PROYECCI�N,1A. AVENIDA 1-35 ZONA 5,79428303,EDGAR ANIBAL MENENDEZ VELASQUEZ,AURA GUILLERMINA P�REZ DE G�LVAN,DIVERSIFICADO,PRIVADO,URBANA,ABIERTA,MONOLINGUE,MATUTINA,DIARIO(REGULAR),CHIQUIMULA
20-11-0042-46,20-018,CHIQUIMULA,IPALA,COLEGIO ADVENTISTA EL SINA�,1A. DIAGONAL 2-32 ZONA 1,32225632,NILDA MARITZA ARROYO RODRIGUEZ,SANDRA YANET V�SQUEZ,DIVERSIFICADO,PRIVADO,URBANA,ABIERTA,MONOLINGUE,MATUTINA,DIARIO(REGULAR),CHIQUIMULA
20-11-0044-46,20-041,CHIQUIMULA,IPALA,COLEGIO PARTICULAR MIXTO CAT�LICO NUESTRA SE�ORA DE LA ESPERANZA,1A. AVENIDA 3-99 ZONA 2 SECTOR BARRIO LA REFORMA,50484070,JUAN DE DIOS MONROY RAMIREZ,SUSETTE DOLORES LAM P�REZ,DIVERSIFICADO,PRIVADO,URBANA,ABIERTA,MONOLINGUE,DOBLE,DIARIO(REGULAR),CHIQUIMULA
20-11-0049-46,20-041,CHIQUIMULA,IPALA,LICEO IPALTECO EN COMPUTACI�N,1A. CALLE 2-78 ZONA 4,79428484,JUAN DE DIOS MONROY RAMIREZ,LUCINDA DEL CARMEN BERGANZA ACEVEDO,DIVERSIFICADO,PRIVADO,URBANA,ABIERTA,MONOLINGUE,MATUTINA,DIARIO(REGULAR),CHIQUIMULA
20-11-0050-46,20-041,CHIQUIMULA,IPALA,LICEO IPALTECO EN COMPUTACI�N,1A. CALLE 2-78 ZONA 4,79428484,JUAN DE DIOS MONROY RAMIREZ,LUCINDA DEL CARMEN BERGANZA ACEVEDO,DIVERSIFICADO,PRIVADO,URBANA,ABIERTA,MONOLINGUE,VESPERTINA,DIARIO(REGULAR),CHIQUIMULA
20-11-0053-46,20-018,CHIQUIMULA,IPALA,COLEGIO PRIVADO DE BACHILLERATO POR MADUREZ EMMANUEL,RUTA NACIONAL 1-23 ZONA 1,46310501,NILDA MARITZA ARROYO RODRIGUEZ,CELMA YOLANDA MORALES SALGUERO,DIVERSIFICADO,PRIVADO,URBANA,ABIERTA,MONOLINGUE,SIN JORNADA,SEMIPRESENCIAL (UN D�A A LA SEMANA),CHIQUIMULA
20-11-0055-46,20-018,CHIQUIMULA,IPALA,"INSTITUTO T�CNICO INDUSTRIAL ""ALBERT EINSTEIN""",1A. DIAGONAL 2-44 ZONA 1,41585052,NILDA MARITZA ARROYO RODRIGUEZ,RUDY YOVANI ARROYO RODR�GUEZ,DIVERSIFICADO,PRIVADO,URBANA,ABIERTA,MONOLINGUE,VESPERTINA,DIARIO(REGULAR),CHIQUIMULA
20-11-0072-46,20-034,CHIQUIMULA,IPALA,INSTITUTO DE EDUCACION DIVERSIFICADA POR COOPERATIVA DE ENSE�ANZA,"1A. CALLE ""A"" 4-98 ZONA 1",36302107,BYRON HORACIO SARCE�O ZEPEDA,JACINTA ESTELA FOLGAR SANDOVAL,DIVERSIFICADO,COOPERATIVA,URBANA,ABIERTA,MONOLINGUE,DOBLE,DIARIO(REGULAR),CHIQUIMULA
20-11-0464-46,20-041,CHIQUIMULA,IPALA,"COLEGIO PARTICULAR MIXTO ""PROYECCION""",1 AVENIDA 1-35 ZONA 5,79428303,JUAN DE DIOS MONROY RAMIREZ,AURA GUILLERMINA P�REZ,DIVERSIFICADO,PRIVADO,URBANA,ABIERTA,MONOLINGUE,VESPERTINA,DIARIO(REGULAR),CHIQUIMULA
20-11-1518-46,20-034,CHIQUIMULA,IPALA,INSTITUTO DE EDUCACION DIVERSIFICADA POR COOPERATIVA DE ENSE�ANZA,"1A. CALLE ""A"" 4-98 ZONA 1",36302107,BYRON HORACIO SARCE�O ZEPEDA,JACINTA ESTELA FOLGAR SANDOVAL,DIVERSIFICADO,COOPERATIVA,URBANA,ABIERTA,MONOLINGUE,VESPERTINA,DIARIO(REGULAR),CHIQUIMULA
20-11-1554-46,20-041,CHIQUIMULA,IPALA,COLEGIO PARTICULAR MIXTO CAT�LICO NUESTRA SE�ORA DE LA ESPERANZA,"1A. AVENIDA 3-99 ZONA 2, SECTOR BARRIO LA REFORMA",58981789,JUAN DE DIOS MONROY RAMIREZ,SUSETTE DOLORES LAM P�REZ,DIVERSIFICADO,PRIVADO,URBANA,ABIERTA,MONOLINGUE,VESPERTINA,DIARIO(REGULAR),CHIQUIMULA
